Data as of,Start Week,End Week,State,Indicator,Non-Hispanic White,Non-Hispanic Black or African American,Non-Hispanic American Indian or Alaska Native,Non-Hispanic Asian,Hispanic or Latino,Other,Footnote
10/28/2020,02/01/2020,10/24/2020,United States,Count of COVID-19 deaths,"111,469","43,284","2,179","8,653","44,359","2,384",
10/28/2020,02/01/2020,10/24/2020,United States,Distribution of COVID-19 deaths (%),52.5,20.4,1,4.1,20.9,1.1,
10/28/2020,02/01/2020,10/24/2020,United States,Unweighted distribution of population (%),60.1,12.5,0.7,5.8,18.5,2.4,
10/28/2020,02/01/2020,10/24/2020,United States,Weighted distribution of population (%),40.2,15.2,0.3,9.8,32.5,2,
10/28/2020,02/01/2020,10/24/2020,Alabama,Count of COVID-19 deaths,"2,294","1,350",,21,92,,One or more data cells have counts between 1-9 and have been suppressed in accordance with NCHS confidentiality standards.
10/28/2020,02/01/2020,10/24/2020,Alabama,Distribution of COVID-19 deaths (%),60.8,35.8,,0.6,2.4,,One or more data cells have counts between 1-9 and have been suppressed in accordance with NCHS confidentiality standards.
10/28/2020,02/01/2020,10/24/2020,Alabama,Unweighted distribution of population (%),65.3,26.5,0.6,1.5,4.6,1.7,
10/28/2020,02/01/2020,10/24/2020,Alabama,Weighted distribution of population (%),55.4,36.8,0.4,1.9,4,1.5,
10/28/2020,02/01/2020,10/24/2020,Arizona,Count of COVID-19 deaths,"2,318",181,701,88,"1,794",145,
10/28/2020,02/01/2020,10/24/2020,Arizona,Distribution of COVID-19 deaths (%),44.3,3.5,13.4,1.7,34.3,2.8,
10/28/2020,02/01/2020,10/24/2020,Arizona,Unweighted distribution of population (%),54.1,4.5,3.9,3.4,31.7,2.3,
10/28/2020,02/01/2020,10/24/2020,Arizona,Weighted distribution of population (%),54.5,5.5,1.8,4.3,31.8,2.2,
10/28/2020,02/01/2020,10/24/2020,Arkansas,Count of COVID-19 deaths,"1,130",305,,18,101,59,One or more data cells have counts between 1-9 and have been suppressed in accordance with NCHS confidentiality standards.
10/28/2020,02/01/2020,10/24/2020,Arkansas,Distribution of COVID-19 deaths (%),69.7,18.8,,1.1,6.2,3.6,One or more data cells have counts between 1-9 and have been suppressed in accordance with NCHS confidentiality standards.
10/28/2020,02/01/2020,10/24/2020,Arkansas,Unweighted distribution of population (%),72,15.4,0.8,1.6,7.8,2.3,
10/28/2020,02/01/2020,10/24/2020,Arkansas,Weighted distribution of population (%),62.8,22.4,0.7,2.4,9.5,2.2,
10/28/2020,02/01/2020,10/24/2020,California,Count of COVID-19 deaths,"5,017","1,223",61,"1,970","8,182",210,
10/28/2020,02/01/2020,10/24/2020,California,Distribution of COVID-19 deaths (%),30.1,7.3,0.4,11.8,49.1,1.3,
10/28/2020,02/01/2020,10/24/2020,California,Unweighted distribution of population (%),36.5,5.6,0.4,14.9,39.4,3.2,
10/28/2020,02/01/2020,10/24/2020,California,Weighted distribution of population (%),28.6,7.3,0.2,14.7,46.8,2.3,
10/28/2020,02/01/2020,10/24/2020,Colorado,Count of COVID-19 deaths,"1,274",146,23,77,544,30,
10/28/2020,02/01/2020,10/24/2020,Colorado,Distribution of COVID-19 deaths (%),60.8,7,1.1,3.7,26,1.4,
10/28/2020,02/01/2020,10/24/2020,Colorado,Unweighted distribution of population (%),67.7,4.1,0.6,3.3,21.8,2.5,
10/28/2020,02/01/2020,10/24/2020,Colorado,Weighted distribution of population (%),62.5,6.2,0.5,4.2,24,2.6,
10/28/2020,02/01/2020,10/24/2020,Connecticut,Count of COVID-19 deaths,"3,276",696,,60,430,28,One or more data cells have counts between 1-9 and have been suppressed in accordance with NCHS confidentiality standards.
10/28/2020,02/01/2020,10/24/2020,Connecticut,Distribution of COVID-19 deaths (%),72.9,15.5,,1.3,9.6,0.6,One or more data cells have counts between 1-9 and have been suppressed in accordance with NCHS confidentiality standards.
10/28/2020,02/01/2020,10/24/2020,Connecticut,Unweighted distribution of population (%),65.9,10.3,0.2,4.8,16.9,1.8,
10/28/2020,02/01/2020,10/24/2020,Connecticut,Weighted distribution of population (%),61.3,12.2,0.2,5.4,19.3,1.7,
10/28/2020,02/01/2020,10/24/2020,Delaware,Count of COVID-19 deaths,414,144,,,33,,One or more data cells have counts between 1-9 and have been suppressed in accordance with NCHS confidentiality standards.
10/28/2020,02/01/2020,10/24/2020,Delaware,Distribution of COVID-19 deaths (%),69.5,24.2,,,5.5,,One or more data cells have counts between 1-9 and have been suppressed in accordance with NCHS confidentiality standards.
10/28/2020,02/01/2020,10/24/2020,Delaware,Unweighted distribution of population (%),61.7,22,0.3,4,9.6,2.4,
10/28/2020,02/01/2020,10/24/2020,Delaware,Weighted distribution of population (%),60.5,22.5,0.3,4.5,9.9,2.3,
10/28/2020,02/01/2020,10/24/2020,District of Columbia,Count of COVID-19 deaths,90,557,,13,117,,One or more data cells have counts between 1-9 and have been suppressed in accordance with NCHS confidentiality standards.
10/28/2020,02/01/2020,10/24/2020,District of Columbia,Distribution of COVID-19 deaths (%),11.5,71.1,,1.7,14.9,,One or more data cells have counts between 1-9 and have been suppressed in accordance with NCHS confidentiality standards.
10/28/2020,02/01/2020,10/24/2020,District of Columbia,Unweighted distribution of population (%),37.5,44.4,0.2,4.3,11.3,2.4,
10/28/2020,02/01/2020,10/24/2020,District of Columbia,Weighted distribution of population (%),37.5,44.4,0.2,4.3,11.3,2.3,
10/28/2020,02/01/2020,10/24/2020,Florida,Count of COVID-19 deaths,"8,045","3,219",22,224,"4,499",50,
10/28/2020,02/01/2020,10/24/2020,Florida,Distribution of COVID-19 deaths (%),50.1,20,0.1,1.4,28,0.3,
10/28/2020,02/01/2020,10/24/2020,Florida,Unweighted distribution of population (%),53.2,15.5,0.3,2.8,26.4,1.8,
10/28/2020,02/01/2020,10/24/2020,Florida,Weighted distribution of population (%),34.2,17.8,0.2,2.6,43.9,1.3,
10/28/2020,02/01/2020,10/24/2020,Georgia,Count of COVID-19 deaths,"3,383","2,759",,115,464,19,One or more data cells have counts between 1-9 and have been suppressed in accordance with NCHS confidentiality standards.
10/28/2020,02/01/2020,10/24/2020,Georgia,Distribution of COVID-19 deaths (%),50.1,40.9,,1.7,6.9,0.3,One or more data cells have counts between 1-9 and have been suppressed in accordance with NCHS confidentiality standards.
10/28/2020,02/01/2020,10/24/2020,Georgia,Unweighted distribution of population (%),52,31.6,0.2,4.3,9.9,2,
10/28/2020,02/01/2020,10/24/2020,Georgia,Weighted distribution of population (%),42.2,38.1,0.2,6.5,10.9,2,
10/28/2020,02/01/2020,10/24/2020,Hawaii,Count of COVID-19 deaths,19,,,128,11,80,One or more data cells have counts between 1-9 and have been suppressed in accordance with NCHS confidentiality standards.
10/28/2020,02/01/2020,10/24/2020,Hawaii,Distribution of COVID-19 deaths (%),7.9,,,53.1,4.6,33.2,One or more data cells have counts between 1-9 and have been suppressed in accordance with NCHS confidentiality standards.
10/28/2020,02/01/2020,10/24/2020,Hawaii,Unweighted distribution of population (%),21.7,2,0.2,36.4,10.7,29.1,
10/28/2020,02/01/2020,10/24/2020,Hawaii,Weighted distribution of population (%),20.4,2.7,0.2,44.7,11.1,20.9,
10/28/2020,02/01/2020,10/24/2020,Idaho,Count of COVID-19 deaths,474,,,,77,,One or more data cells have counts between 1-9 and have been suppressed in accordance with NCHS confidentiality standards.
10/28/2020,02/01/2020,10/24/2020,Idaho,Distribution of COVID-19 deaths (%),83,,,,13.5,,One or more data cells have counts between 1-9 and have been suppressed in accordance with NCHS confidentiality standards.
10/28/2020,02/01/2020,10/24/2020,Idaho,Unweighted distribution of population (%),81.6,0.8,1.1,1.4,12.8,2.2,
10/28/2020,02/01/2020,10/24/2020,Idaho,Weighted distribution of population (%),82.7,1.1,0.6,2.2,11,2.4,
10/28/2020,02/01/2020,10/24/2020,Illinois,Count of COVID-19 deaths,"4,199","2,053",11,379,"1,741",76,
10/28/2020,02/01/2020,10/24/2020,Illinois,Distribution of COVID-19 deaths (%),49.6,24.3,0.1,4.5,20.6,0.9,
10/28/2020,02/01/2020,10/24/2020,Illinois,Unweighted distribution of population (%),60.8,14.1,0.2,5.8,17.5,1.7,
10/28/2020,02/01/2020,10/24/2020,Illinois,Weighted distribution of population (%),43.2,22.2,0.1,7.7,25.2,1.6,
10/28/2020,02/01/2020,10/24/2020,Indiana,Count of COVID-19 deaths,"3,191",691,,39,185,,One or more data cells have counts between 1-9 and have been suppressed in accordance with NCHS confidentiality standards.
10/28/2020,02/01/2020,10/24/2020,Indiana,Distribution of COVID-19 deaths (%),77.5,16.8,,0.9,4.5,,One or more data cells have counts between 1-9 and have been suppressed in accordance with NCHS confidentiality standards.
10/28/2020,02/01/2020,10/24/2020,Indiana,Unweighted distribution of population (%),78.4,9.6,0.2,2.5,7.3,2,
10/28/2020,02/01/2020,10/24/2020,Indiana,Weighted distribution of population (%),60.6,22.4,0.2,3.4,11.1,2.4,
10/28/2020,02/01/2020,10/24/2020,Iowa,Count of COVID-19 deaths,"1,416",71,16,34,84,17,
10/28/2020,02/01/2020,10/24/2020,Iowa,Distribution of COVID-19 deaths (%),86.4,4.3,1,2.1,5.1,1,
10/28/2020,02/01/2020,10/24/2020,Iowa,Unweighted distribution of population (%),85,3.9,0.3,2.6,6.3,1.9,
10/28/2020,02/01/2020,10/24/2020,Iowa,Weighted distribution of population (%),78.9,6.4,0.3,4.2,8,2.2,
10/28/2020,02/01/2020,10/24/2020,Kansas,Count of COVID-19 deaths,669,108,20,14,135,16,
10/28/2020,02/01/2020,10/24/2020,Kansas,Distribution of COVID-19 deaths (%),69.5,11.2,2.1,1.5,14,1.7,
10/28/2020,02/01/2020,10/24/2020,Kansas,Unweighted distribution of population (%),75.4,5.7,0.8,3.1,12.2,2.7,
10/28/2020,02/01/2020,10/24/2020,Kansas,Weighted distribution of population (%),70.5,8,0.5,4.7,13.4,2.8,
10/28/2020,02/01/2020,10/24/2020,Kentucky,Count of COVID-19 deaths,"1,239",182,,18,51,0,One or more data cells have counts between 1-9 and have been suppressed in accordance with NCHS confidentiality standards.
10/28/2020,02/01/2020,10/24/2020,Kentucky,Distribution of COVID-19 deaths (%),83,12.2,,1.2,3.4,0,One or more data cells have counts between 1-9 and have been suppressed in accordance with NCHS confidentiality standards.
10/28/2020,02/01/2020,10/24/2020,Kentucky,Unweighted distribution of population (%),84.1,8.2,0.2,1.6,3.9,1.9,
10/28/2020,02/01/2020,10/24/2020,Kentucky,Weighted distribution of population (%),69.2,19.5,0.1,3,5.8,2.3,
10/28/2020,02/01/2020,10/24/2020,Louisiana,Count of COVID-19 deaths,"2,600","2,386",19,34,147,,One or more data cells have counts between 1-9 and have been suppressed in accordance with NCHS confidentiality standards.
10/28/2020,02/01/2020,10/24/2020,Louisiana,Distribution of COVID-19 deaths (%),50.1,45.9,0.4,0.7,2.8,,One or more data cells have counts between 1-9 and have been suppressed in accordance with NCHS confidentiality standards.
10/28/2020,02/01/2020,10/24/2020,Louisiana,Unweighted distribution of population (%),58.4,32.3,0.7,1.8,5.3,1.6,
10/28/2020,02/01/2020,10/24/2020,Louisiana,Weighted distribution of population (%),50.4,37.8,0.4,2.8,7.2,1.5,
10/28/2020,02/01/2020,10/24/2020,Maine,Count of COVID-19 deaths,158,,0,0,,,One or more data cells have counts between 1-9 and have been suppressed in accordance with NCHS confidentiality standards.
10/28/2020,02/01/2020,10/24/2020,Maine,Distribution of COVID-19 deaths (%),94,,0,0,,,One or more data cells have counts between 1-9 and have been suppressed in accordance with NCHS confidentiality standards.
10/28/2020,02/01/2020,10/24/2020,Maine,Unweighted distribution of population (%),93,1.6,0.7,1.3,1.8,1.7,
10/28/2020,02/01/2020,10/24/2020,Maine,Weighted distribution of population (%),91,2.7,0.4,2,2.1,1.9,
10/28/2020,02/01/2020,10/24/2020,Maryland,Count of COVID-19 deaths,"1,893","1,832",,173,506,19,One or more data cells have counts between 1-9 and have been suppressed in accordance with NCHS confidentiality standards.
10/28/2020,02/01/2020,10/24/2020,Maryland,Distribution of COVID-19 deaths (%),42.8,41.4,,3.9,11.4,0.4,One or more data cells have counts between 1-9 and have been suppressed in accordance with NCHS confidentiality standards.
10/28/2020,02/01/2020,10/24/2020,Maryland,Unweighted distribution of population (%),50,29.9,0.2,6.6,10.6,2.5,
10/28/2020,02/01/2020,10/24/2020,Maryland,Weighted distribution of population (%),40.6,34,0.2,8.8,14,2.4,
10/28/2020,02/01/2020,10/24/2020,Massachusetts,Count of COVID-19 deaths,"6,571",713,,242,560,98,One or more data cells have counts between 1-9 and have been suppressed in accordance with NCHS confidentiality standards.
10/28/2020,02/01/2020,10/24/2020,Massachusetts,Distribution of COVID-19 deaths (%),80.2,8.7,,3,6.8,1.2,One or more data cells have counts between 1-9 and have been suppressed in accordance with NCHS confidentiality standards.
10/28/2020,02/01/2020,10/24/2020,Massachusetts,Unweighted distribution of population (%),71.1,7.3,0.2,7.1,12.4,1.9,
10/28/2020,02/01/2020,10/24/2020,Massachusetts,Weighted distribution of population (%),68.6,7.6,0.2,8.9,12.8,1.9,
10/28/2020,02/01/2020,10/24/2020,Michigan,Count of COVID-19 deaths,"3,657","2,539",14,70,192,109,
10/28/2020,02/01/2020,10/24/2020,Michigan,Distribution of COVID-19 deaths (%),55.6,38.6,0.2,1.1,2.9,1.7,
10/28/2020,02/01/2020,10/24/2020,Michigan,Unweighted distribution of population (%),74.7,13.8,0.6,3.3,5.3,2.3,
10/28/2020,02/01/2020,10/24/2020,Michigan,Weighted distribution of population (%),59.4,27.8,0.3,4.7,5.4,2.3,
10/28/2020,02/01/2020,10/24/2020,Minnesota,Count of COVID-19 deaths,"1,847",200,31,106,96,,One or more data cells have counts between 1-9 and have been suppressed in accordance with NCHS confidentiality standards.
10/28/2020,02/01/2020,10/24/2020,Minnesota,Distribution of COVID-19 deaths (%),80.7,8.7,1.4,4.6,4.2,,One or more data cells have counts between 1-9 and have been suppressed in accordance with NCHS confidentiality standards.
10/28/2020,02/01/2020,10/24/2020,Minnesota,Unweighted distribution of population (%),79.1,6.8,1.1,5.1,5.6,2.4,
10/28/2020,02/01/2020,10/24/2020,Minnesota,Weighted distribution of population (%),68.6,12.6,0.7,8.3,6.9,2.9,
10/28/2020,02/01/2020,10/24/2020,Mississippi,Count of COVID-19 deaths,"1,543","1,443",82,12,37,,One or more data cells have counts between 1-9 and have been suppressed in accordance with NCHS confidentiality standards.
10/28/2020,02/01/2020,10/24/2020,Mississippi,Distribution of COVID-19 deaths (%),49.4,46.2,2.6,0.4,1.2,,One or more data cells have counts between 1-9 and have been suppressed in accordance with NCHS confidentiality standards.
10/28/2020,02/01/2020,10/24/2020,Mississippi,Unweighted distribution of population (%),56.4,37.4,0.5,1.1,3.4,1.2,
10/28/2020,02/01/2020,10/24/2020,Mississippi,Weighted distribution of population (%),44.9,49.8,0.2,1.1,2.8,1.2,
10/28/2020,02/01/2020,10/24/2020,Missouri,Count of COVID-19 deaths,"2,103",583,,35,68,18,One or more data cells have counts between 1-9 and have been suppressed in accordance with NCHS confidentiality standards.
10/28/2020,02/01/2020,10/24/2020,Missouri,Distribution of COVID-19 deaths (%),74.7,20.7,,1.2,2.4,0.6,One or more data cells have counts between 1-9 and have been suppressed in accordance with NCHS confidentiality standards.
10/28/2020,02/01/2020,10/24/2020,Missouri,Unweighted distribution of population (%),79.1,11.6,0.4,2.1,4.4,2.3,
10/28/2020,02/01/2020,10/24/2020,Missouri,Weighted distribution of population (%),67,22.6,0.2,3.9,4,2.2,
10/28/2020,02/01/2020,10/24/2020,Montana,Count of COVID-19 deaths,158,,80,,,,One or more data cells have counts between 1-9 and have been suppressed in accordance with NCHS confidentiality standards.
10/28/2020,02/01/2020,10/24/2020,Montana,Distribution of COVID-19 deaths (%),62.7,,31.7,,,,One or more data cells have counts between 1-9 and have been suppressed in accordance with NCHS confidentiality standards.
10/28/2020,02/01/2020,10/24/2020,Montana,Unweighted distribution of population (%),85.9,0.5,6.1,0.9,4.1,2.6,
10/28/2020,02/01/2020,10/24/2020,Montana,Weighted distribution of population (%),86.6,0.7,4,0.8,5.3,2.6,
10/28/2020,02/01/2020,10/24/2020,Nebraska,Count of COVID-19 deaths,479,37,,12,101,,One or more data cells have counts between 1-9 and have been suppressed in accordance with NCHS confidentiality standards.
10/28/2020,02/01/2020,10/24/2020,Nebraska,Distribution of COVID-19 deaths (%),75.3,5.8,,1.9,15.9,,One or more data cells have counts between 1-9 and have been suppressed in accordance with NCHS confidentiality standards.
10/28/2020,02/01/2020,10/24/2020,Nebraska,Unweighted distribution of population (%),78.2,4.9,0.8,2.7,11.4,2,
10/28/2020,02/01/2020,10/24/2020,Nebraska,Weighted distribution of population (%),70.7,9.8,0.5,4.2,12.4,2.4,
10/28/2020,02/01/2020,10/24/2020,Nevada,Count of COVID-19 deaths,690,204,13,209,492,17,
10/28/2020,02/01/2020,10/24/2020,Nevada,Distribution of COVID-19 deaths (%),42.5,12.6,0.8,12.9,30.3,1,
10/28/2020,02/01/2020,10/24/2020,Nevada,Unweighted distribution of population (%),48.2,9.3,0.9,8.3,29.2,4.2,
10/28/2020,02/01/2020,10/24/2020,Nevada,Weighted distribution of population (%),42.5,11.7,0.5,9.8,31.7,3.8,
10/28/2020,02/01/2020,10/24/2020,New Hampshire,Count of COVID-19 deaths,391,,0,,13,34,One or more data cells have counts between 1-9 and have been suppressed in accordance with NCHS confidentiality standards.
10/28/2020,02/01/2020,10/24/2020,New Hampshire,Distribution of COVID-19 deaths (%),86.5,,0,,2.9,7.5,One or more data cells have counts between 1-9 and have been suppressed in accordance with NCHS confidentiality standards.
10/28/2020,02/01/2020,10/24/2020,New Hampshire,Unweighted distribution of population (%),89.8,1.5,0.2,2.9,4,1.6,
10/28/2020,02/01/2020,10/24/2020,New Hampshire,Weighted distribution of population (%),85.4,2.2,0.2,4,6.5,1.7,
10/28/2020,02/01/2020,10/24/2020,New Jersey,Count of COVID-19 deaths,"7,895","2,623",10,891,"3,038",54,
10/28/2020,02/01/2020,10/24/2020,New Jersey,Distribution of COVID-19 deaths (%),54.4,18.1,0.1,6.1,20.9,0.4,
10/28/2020,02/01/2020,10/24/2020,New Jersey,Unweighted distribution of population (%),54.6,12.9,0.1,9.8,20.9,1.6,
10/28/2020,02/01/2020,10/24/2020,New Jersey,Weighted distribution of population (%),49.1,14.5,0.1,11.7,23,1.5,
10/28/2020,02/01/2020,10/24/2020,New Mexico,Count of COVID-19 deaths,205,,462,,172,,One or more data cells have counts between 1-9 and have been suppressed in accordance with NCHS confidentiality standards.
10/28/2020,02/01/2020,10/24/2020,New Mexico,Distribution of COVID-19 deaths (%),24,,54.1,,20.1,,One or more data cells have counts between 1-9 and have been suppressed in accordance with NCHS confidentiality standards.
10/28/2020,02/01/2020,10/24/2020,New Mexico,Unweighted distribution of population (%),36.8,1.9,8.8,1.6,49.3,1.6,
10/28/2020,02/01/2020,10/24/2020,New Mexico,Weighted distribution of population (%),37.3,2.3,8.7,2.3,47.5,1.8,
10/28/2020,02/01/2020,10/24/2020,New York,Count of COVID-19 deaths,"7,608","1,854",22,466,"1,809",88,
10/28/2020,02/01/2020,10/24/2020,New York,Distribution of COVID-19 deaths (%),64.2,15.6,0.2,3.9,15.3,0.7,
10/28/2020,02/01/2020,10/24/2020,New York,Unweighted distribution of population (%),72.6,8.9,0.3,4.4,11.9,1.8,
10/28/2020,02/01/2020,10/24/2020,New York,Weighted distribution of population (%),62.3,10.7,0.2,6.8,18.5,1.5,
10/28/2020,02/01/2020,10/24/2020,New York City,Count of COVID-19 deaths,"5,465","6,038",,"2,038","6,449",873,One or more data cells have counts between 1-9 and have been suppressed in accordance with NCHS confidentiality standards.
10/28/2020,02/01/2020,10/24/2020,New York City,Distribution of COVID-19 deaths (%),26.2,28.9,,9.8,30.9,4.2,One or more data cells have counts between 1-9 and have been suppressed in accordance with NCHS confidentiality standards.
10/28/2020,02/01/2020,10/24/2020,New York City,Unweighted distribution of population (%),32.2,21.9,0.2,14.7,29.1,1.9,
10/28/2020,02/01/2020,10/24/2020,New York City,Weighted distribution of population (%),31,23.1,0.2,15.4,28.3,1.9,
10/28/2020,02/01/2020,10/24/2020,North Carolina,Count of COVID-19 deaths,"1,548",826,32,49,266,10,
10/28/2020,02/01/2020,10/24/2020,North Carolina,Distribution of COVID-19 deaths (%),56.7,30.2,1.2,1.8,9.7,0.4,
10/28/2020,02/01/2020,10/24/2020,North Carolina,Unweighted distribution of population (%),62.6,21.4,1.1,3.1,9.8,2,
10/28/2020,02/01/2020,10/24/2020,North Carolina,Weighted distribution of population (%),55.1,25.6,0.6,5.4,11.2,2.1,
10/28/2020,02/01/2020,10/24/2020,North Dakota,Count of COVID-19 deaths,312,,44,,10,,One or more data cells have counts between 1-9 and have been suppressed in accordance with NCHS confidentiality standards.
10/28/2020,02/01/2020,10/24/2020,North Dakota,Distribution of COVID-19 deaths (%),83.2,,11.7,,2.7,,One or more data cells have counts between 1-9 and have been suppressed in accordance with NCHS confidentiality standards.
10/28/2020,02/01/2020,10/24/2020,North Dakota,Unweighted distribution of population (%),83.7,3.3,5.1,1.6,4.1,2.1,
10/28/2020,02/01/2020,10/24/2020,North Dakota,Weighted distribution of population (%),85,5.1,2.1,2.6,3.2,2,
10/28/2020,02/01/2020,10/24/2020,Ohio,Count of COVID-19 deaths,"3,833",881,,57,105,10,One or more data cells have counts between 1-9 and have been suppressed in accordance with NCHS confidentiality standards.
10/28/2020,02/01/2020,10/24/2020,Ohio,Distribution of COVID-19 deaths (%),78.4,18,,1.2,2.1,0.2,One or more data cells have counts between 1-9 and have been suppressed in accordance with NCHS confidentiality standards.
10/28/2020,02/01/2020,10/24/2020,Ohio,Unweighted distribution of population (%),78.4,12.7,0.2,2.5,4,2.2,
10/28/2020,02/01/2020,10/24/2020,Ohio,Weighted distribution of population (%),65.2,23,0.2,3.7,5.3,2.5,
10/28/2020,02/01/2020,10/24/2020,Oklahoma,Count of COVID-19 deaths,976,96,162,24,105,55,
10/28/2020,02/01/2020,10/24/2020,Oklahoma,Distribution of COVID-19 deaths (%),68.8,6.8,11.4,1.7,7.4,3.9,
10/28/2020,02/01/2020,10/24/2020,Oklahoma,Unweighted distribution of population (%),65,7.4,8.4,2.3,11.1,5.8,
10/28/2020,02/01/2020,10/24/2020,Oklahoma,Weighted distribution of population (%),58.9,12.5,4.6,3.5,15.4,5.1,
10/28/2020,02/01/2020,10/24/2020,Oregon,Count of COVID-19 deaths,449,12,15,22,88,10,
10/28/2020,02/01/2020,10/24/2020,Oregon,Distribution of COVID-19 deaths (%),75.3,2,2.5,3.7,14.8,1.7,
10/28/2020,02/01/2020,10/24/2020,Oregon,Unweighted distribution of population (%),75.1,2,1.1,4.7,13.4,3.7,
10/28/2020,02/01/2020,10/24/2020,Oregon,Weighted distribution of population (%),70,3.7,0.8,7.4,14.4,3.7,
10/28/2020,02/01/2020,10/24/2020,Pennsylvania,Count of COVID-19 deaths,"6,358","1,772",,194,515,24,One or more data cells have counts between 1-9 and have been suppressed in accordance with NCHS confidentiality standards.
10/28/2020,02/01/2020,10/24/2020,Pennsylvania,Distribution of COVID-19 deaths (%),71.7,20,,2.2,5.8,0.3,One or more data cells have counts between 1-9 and have been suppressed in accordance with NCHS confidentiality standards.
10/28/2020,02/01/2020,10/24/2020,Pennsylvania,Unweighted distribution of population (%),75.7,10.9,0.1,3.7,7.8,1.7,
10/28/2020,02/01/2020,10/24/2020,Pennsylvania,Weighted distribution of population (%),58.4,22.5,0.2,6.2,10.9,1.9,
10/28/2020,02/01/2020,10/24/2020,Rhode Island,Count of COVID-19 deaths,939,63,,20,96,,One or more data cells have counts between 1-9 and have been suppressed in accordance with NCHS confidentiality standards.
10/28/2020,02/01/2020,10/24/2020,Rhode Island,Distribution of COVID-19 deaths (%),83.5,5.6,,1.8,8.5,,One or more data cells have counts between 1-9 and have been suppressed in accordance with NCHS confidentiality standards.
10/28/2020,02/01/2020,10/24/2020,Rhode Island,Unweighted distribution of population (%),71.4,6.1,0.4,3.6,16.3,2.2,
10/28/2020,02/01/2020,10/24/2020,Rhode Island,Weighted distribution of population (%),61.4,8.5,0.4,4.3,23.1,2.3,
10/28/2020,02/01/2020,10/24/2020,South Carolina,Count of COVID-19 deaths,"2,040","1,426",11,25,111,,One or more data cells have counts between 1-9 and have been suppressed in accordance with NCHS confidentiality standards.
10/28/2020,02/01/2020,10/24/2020,South Carolina,Distribution of COVID-19 deaths (%),56.4,39.4,0.3,0.7,3.1,,One or more data cells have counts between 1-9 and have been suppressed in accordance with NCHS confidentiality standards.
10/28/2020,02/01/2020,10/24/2020,South Carolina,Unweighted distribution of population (%),63.7,26.4,0.4,1.8,6,1.8,
10/28/2020,02/01/2020,10/24/2020,South Carolina,Weighted distribution of population (%),63.3,26.2,0.3,2.1,6.3,1.8,
10/28/2020,02/01/2020,10/24/2020,South Dakota,Count of COVID-19 deaths,296,,56,12,,,One or more data cells have counts between 1-9 and have been suppressed in accordance with NCHS confidentiality standards.
10/28/2020,02/01/2020,10/24/2020,South Dakota,Distribution of COVID-19 deaths (%),78.7,,14.9,3.2,,,One or more data cells have counts between 1-9 and have been suppressed in accordance with NCHS confidentiality standards.
10/28/2020,02/01/2020,10/24/2020,South Dakota,Unweighted distribution of population (%),82.8,2.2,7,1.5,4.2,2.3,
10/28/2020,02/01/2020,10/24/2020,South Dakota,Weighted distribution of population (%),82.1,5.1,3.4,1.9,5.1,2.4,
10/28/2020,02/01/2020,10/24/2020,Tennessee,Count of COVID-19 deaths,"2,027",745,,27,147,,One or more data cells have counts between 1-9 and have been suppressed in accordance with NCHS confidentiality standards.
10/28/2020,02/01/2020,10/24/2020,Tennessee,Distribution of COVID-19 deaths (%),68.5,25.2,,0.9,5,,One or more data cells have counts between 1-9 and have been suppressed in accordance with NCHS confidentiality standards.
10/28/2020,02/01/2020,10/24/2020,Tennessee,Unweighted distribution of population (%),73.5,16.7,0.3,1.9,5.7,1.9,
10/28/2020,02/01/2020,10/24/2020,Tennessee,Weighted distribution of population (%),52.8,34.7,0.2,3,7.5,1.8,
10/28/2020,02/01/2020,10/24/2020,Texas,Count of COVID-19 deaths,"5,584","1,981",33,334,"9,740",34,
10/28/2020,02/01/2020,10/24/2020,Texas,Distribution of COVID-19 deaths (%),31.5,11.2,0.2,1.9,55,0.2,
10/28/2020,02/01/2020,10/24/2020,Texas,Unweighted distribution of population (%),41.2,12.1,0.3,5,39.7,1.6,
10/28/2020,02/01/2020,10/24/2020,Texas,Weighted distribution of population (%),29.7,15.1,0.2,5.9,47.6,1.4,
10/28/2020,02/01/2020,10/24/2020,Utah,Count of COVID-19 deaths,353,,40,23,124,35,One or more data cells have counts between 1-9 and have been suppressed in accordance with NCHS confidentiality standards.
10/28/2020,02/01/2020,10/24/2020,Utah,Distribution of COVID-19 deaths (%),60.7,,6.9,4,21.3,6,One or more data cells have counts between 1-9 and have been suppressed in accordance with NCHS confidentiality standards.
10/28/2020,02/01/2020,10/24/2020,Utah,Unweighted distribution of population (%),77.8,1.2,0.9,2.5,14.4,3.1,
10/28/2020,02/01/2020,10/24/2020,Utah,Weighted distribution of population (%),73.1,1.7,0.7,4,18.1,2.4,
10/28/2020,02/01/2020,10/24/2020,Virginia,Count of COVID-19 deaths,"1,974",973,,158,337,21,One or more data cells have counts between 1-9 and have been suppressed in accordance with NCHS confidentiality standards.
10/28/2020,02/01/2020,10/24/2020,Virginia,Distribution of COVID-19 deaths (%),57,28.1,,4.6,9.7,0.6,One or more data cells have counts between 1-9 and have been suppressed in accordance with NCHS confidentiality standards.
10/28/2020,02/01/2020,10/24/2020,Virginia,Unweighted distribution of population (%),61.2,19.1,0.3,6.8,9.8,2.8,
10/28/2020,02/01/2020,10/24/2020,Virginia,Weighted distribution of population (%),51.9,16.1,0.2,14.4,14.2,3.2,
10/28/2020,02/01/2020,10/24/2020,Washington,Count of COVID-19 deaths,"1,412",73,59,148,310,54,
10/28/2020,02/01/2020,10/24/2020,Washington,Distribution of COVID-19 deaths (%),68.7,3.6,2.9,7.2,15.1,2.6,
10/28/2020,02/01/2020,10/24/2020,Washington,Unweighted distribution of population (%),67.5,4,1.3,9.3,13,4.9,
10/28/2020,02/01/2020,10/24/2020,Washington,Weighted distribution of population (%),61.2,6,0.8,16.2,11.2,4.5,
10/28/2020,02/01/2020,10/24/2020,West Virginia,Count of COVID-19 deaths,335,14,,,0,0,One or more data cells have counts between 1-9 and have been suppressed in accordance with NCHS confidentiality standards.
10/28/2020,02/01/2020,10/24/2020,West Virginia,Distribution of COVID-19 deaths (%),95.2,4,,,0,0,One or more data cells have counts between 1-9 and have been suppressed in accordance with NCHS confidentiality standards.
10/28/2020,02/01/2020,10/24/2020,West Virginia,Unweighted distribution of population (%),92,3.5,0.2,0.8,1.7,1.8,
10/28/2020,02/01/2020,10/24/2020,West Virginia,Weighted distribution of population (%),88.8,6.2,0.2,1.1,1.5,2.2,
10/28/2020,02/01/2020,10/24/2020,Wisconsin,Count of COVID-19 deaths,"1,204",243,17,44,162,,One or more data cells have counts between 1-9 and have been suppressed in accordance with NCHS confidentiality standards.
10/28/2020,02/01/2020,10/24/2020,Wisconsin,Distribution of COVID-19 deaths (%),71.9,14.5,1,2.6,9.7,,One or more data cells have counts between 1-9 and have been suppressed in accordance with NCHS confidentiality standards.
10/28/2020,02/01/2020,10/24/2020,Wisconsin,Unweighted distribution of population (%),80.9,6.4,0.9,3,7.1,1.8,
10/28/2020,02/01/2020,10/24/2020,Wisconsin,Weighted distribution of population (%),60.3,19.5,0.6,4.3,13,2.2,
